La Iglesia de Jesucristo de los Santos de los Últimos Días, https://www.churchofjesuschrist.org/?lang=spa
conquista de Canaán por Israel, /category/escrituras/antiguo-testamento/libros-historicos-del-antiguo-testamento/josue/la-conquista-de-canaan/la-conquista-de-canaan-por-israel/
conquista de Canaán,/category/escrituras/antiguo-testamento/libros-historicos-del-antiguo-testamento/josue/la-conquista-de-canaan/
preparación de Israel para la conquista,/category/escrituras/antiguo-testamento/libros-historicos-del-antiguo-testamento/josue/la-conquista-de-canaan/la-preparacion-de-israel-para-la-conquista/
asentamiento en Canaán,/category/escrituras/antiguo-testamento/libros-historicos-del-antiguo-testamento/josue/asentamiento-en-canaan/
asentamiento al este del Jordán,/category/escrituras/antiguo-testamento/libros-historicos-del-antiguo-testamento/josue/asentamiento-en-canaan/asentamiento-al-este-del-jordan/
asentamiento al oeste del Jordán,/category/escrituras/antiguo-testamento/libros-historicos-del-antiguo-testamento/josue/asentamiento-en-canaan/asentamiento-al-oeste-del-jordan/
asentamiento de la comunidad religiosa,/category/escrituras/antiguo-testamento/libros-historicos-del-antiguo-testamento/josue/asentamiento-en-canaan/asentamiento-de-la-comunidad-religiosa/
las condiciones para la permanencia en Canaán,/category/escrituras/antiguo-testamento/libros-historicos-del-antiguo-testamento/josue/asentamiento-en-canaan/las-condiciones-para-la-permanencia-en-canaan/
conquista de la tierra de Canáan,/category/escrituras/antiguo-testamento/libros-historicos-del-antiguo-testamento/josue/la-conquista-de-canaan/
El acercamiento aceptable a Dios por medio del sacrificio,/category/escrituras/antiguo-testamento/el-pentateuco/levitico/el-acercamiento-aceptable-a-dios-por-medio-del-sacrificio/
El acercamiento aceptable a Dios por medio de la santificación,/category/escrituras/antiguo-testamento/el-pentateuco/levitico/el-acercamiento-aceptable-a-dios-por-medio-de-la-santificacion/
Leyes sobre el sacrificio,/category/escrituras/antiguo-testamento/el-pentateuco/levitico/el-acercamiento-aceptable-a-dios-por-medio-del-sacrificio/leyes-sobre-el-sacrificio/
leyes sobre el sacerdocio aarónico,/category/escrituras/antiguo-testamento/el-pentateuco/levitico/el-acercamiento-aceptable-a-dios-por-medio-del-sacrificio/leyes-sobre-el-sacerdocio-aaronico/
leyes sobre la purificación,/category/escrituras/antiguo-testamento/el-pentateuco/levitico/el-acercamiento-aceptable-a-dios-por-medio-del-sacrificio/leyes-sobre-la-purificacion/
Leyes sobre la expiación nacional,/category/escrituras/antiguo-testamento/el-pentateuco/levitico/el-acercamiento-aceptable-a-dios-por-medio-del-sacrificio/leyes-sobre-la-expiacion-nacional/
Leyes de santificación para el pueblo,/category/escrituras/antiguo-testamento/el-pentateuco/levitico/el-acercamiento-aceptable-a-dios-por-medio-de-la-santificacion/leyes-de-santificacion-para-el-pueblo/
Leyes de santificación para el sacerdocio,/category/escrituras/antiguo-testamento/el-pentateuco/levitico/el-acercamiento-aceptable-a-dios-por-medio-de-la-santificacion/leyes-de-santificacion-para-el-sacerdocio/
Leyes de santificación para la adoración,/category/escrituras/antiguo-testamento/el-pentateuco/levitico/el-acercamiento-aceptable-a-dios-por-medio-de-la-santificacion/leyes-de-santificacion-para-la-adoracion/
Leyes de santificación en la tierra prometida,/category/escrituras/antiguo-testamento/el-pentateuco/levitico/el-acercamiento-aceptable-a-dios-por-medio-de-la-santificacion/leyes-de-santificacion-en-la-tierra-prometida/
Leyes de santificación por medio de votos,/category/escrituras/antiguo-testamento/el-pentateuco/levitico/el-acercamiento-aceptable-a-dios-por-medio-de-la-santificacion/leyes-de-santificacion-por-medio-de-votos/
La preparación de la primera generación para heredar la tierra prometida,/category/escrituras/antiguo-testamento/el-pentateuco/numeros/la-preparacion-de-la-primera-generacion-para-heredar-la-tierra-prometida/
La santificación de Israel,/category/escrituras/antiguo-testamento/el-pentateuco/numeros/la-preparacion-de-la-primera-generacion-para-heredar-la-tierra-prometida/la-santificacion-de-israel/
La organización de Israel,/category/escrituras/antiguo-testamento/el-pentateuco/numeros/la-preparacion-de-la-primera-generacion-para-heredar-la-tierra-prometida/la-organizacion-de-israel/
El fracaso de la primera generación en heredar la tierra prometida,/category/escrituras/antiguo-testamento/el-pentateuco/numeros/el-fracaso-de-la-primera-generacion-en-heredar-la-tierra-prometida/
El fracaso de Israel en Cades,/category/escrituras/antiguo-testamento/el-pentateuco/numeros/el-fracaso-de-la-primera-generacion-en-heredar-la-tierra-prometida/el-fracaso-de-israel-en-cades/
El fracaso de Israel en el desierto,/category/escrituras/antiguo-testamento/el-pentateuco/numeros/el-fracaso-de-la-primera-generacion-en-heredar-la-tierra-prometida/el-fracaso-de-israel-en-el-desierto/
El fracaso de Israel en camino a Cades,/category/escrituras/antiguo-testamento/el-pentateuco/numeros/el-fracaso-de-la-primera-generacion-en-heredar-la-tierra-prometida/el-fracaso-de-israel-en-camino-a-cades/
El fracaso de Israel en camino a Moab,/category/escrituras/antiguo-testamento/el-pentateuco/numeros/el-fracaso-de-la-primera-generacion-en-heredar-la-tierra-prometida/el-fracaso-de-israel-en-camino-a-moab/
La preparación de la nueva generación para heredar la tierra prometida,/category/escrituras/antiguo-testamento/el-pentateuco/numeros/la-preparacion-de-la-nueva-generacion-para-heredar-la-tierra-prometida/
La preparación de la segunda generación para heredar la tierra prometida,/category/escrituras/antiguo-testamento/el-pentateuco/numeros/la-preparacion-de-la-nueva-generacion-para-heredar-la-tierra-prometida/
Las regulaciones sobre ofrendas y votos,/category/escrituras/antiguo-testamento/el-pentateuco/numeros/la-preparacion-de-la-nueva-generacion-para-heredar-la-tierra-prometida/las-regulaciones-sobre-ofrendas-y-votos/
La conquista y división de Israel,/category/escrituras/antiguo-testamento/el-pentateuco/numeros/la-preparacion-de-la-nueva-generacion-para-heredar-la-tierra-prometida/la-conquista-y-division-de-israel/
La reorganización de Israel,/category/escrituras/antiguo-testamento/el-pentateuco/numeros/la-preparacion-de-la-nueva-generacion-para-heredar-la-tierra-prometida/la-reorganizacion-de-israel/
Temas del evangelio,https://www.churchofjesuschrist.org/study/manual/gospel-topics/gospel?lang=spa
